{
  "config": {
    "retriever": "VietnameseEmbeddingPipeline-dense+Reranker(gte-multilingual-reranker-base)",
    "k_values": [
      1,
      3,
      5,
      10
    ],
    "num_queries": 150,
    "split": "test"
  },
  "aggregate_metrics": {
    "precision": {
      "1": 0.5,
      "3": 0.2711111111111112,
      "5": 0.17466666666666625,
      "10": 0.09199999999999978
    },
    "recall": {
      "1": 0.5,
      "3": 0.81,
      "5": 0.87,
      "10": 0.9166666666666666
    },
    "f1": {
      "1": 0.5,
      "3": 0.40599999999999997,
      "5": 0.290793650793651,
      "10": 0.16717171717171764
    },
    "ndcg": {
      "1": 0.5,
      "3": 0.6771987829044606,
      "5": 0.7024550597110127,
      "10": 0.7180872152331556
    },
    "hit_rate": {
      "1": 0.5,
      "3": 0.8133333333333334,
      "5": 0.8733333333333333,
      "10": 0.92
    },
    "mrr": 0.6533333333333332,
    "ap": 0.6522222222222221,
    "map": 0.6522222222222221
  },
  "timestamp": "2026-01-16T10:38:03.243762",
  "runtime_seconds": 2782.4745826
}