{
  "config": {
    "retriever": "VietnameseEmbeddingPipeline-dense+Reranker(gte-multilingual-reranker-base)",
    "k_values": [
      1,
      3,
      5,
      10
    ],
    "num_queries": 150,
    "split": "test"
  },
  "aggregate_metrics": {
    "precision": {
      "1": 0.52,
      "3": 0.2888888888888891,
      "5": 0.18266666666666623,
      "10": 0.0953333333333331
    },
    "recall": {
      "1": 0.52,
      "3": 0.8633333333333333,
      "5": 0.91,
      "10": 0.95
    },
    "f1": {
      "1": 0.52,
      "3": 0.4326666666666667,
      "5": 0.3041269841269844,
      "10": 0.17323232323232374
    },
    "ndcg": {
      "1": 0.52,
      "3": 0.7217212347854145,
      "5": 0.74065084080647,
      "10": 0.7535070644900853
    },
    "hit_rate": {
      "1": 0.52,
      "3": 0.8666666666666667,
      "5": 0.9133333333333333,
      "10": 0.9533333333333334
    },
    "mrr": 0.6889232804232805,
    "ap": 0.6878121693121695,
    "map": 0.6878121693121695
  },
  "timestamp": "2026-01-16T09:35:37.613357",
  "runtime_seconds": 1253.277241399992
}